,reps,interop_compute_ms,trial,runtime_ns
0,100,0,0,19119353721
1,100,0,1,19068503626
2,100,0,10,19218987482
3,100,0,11,19154689115
4,100,0,12,19175188442
5,100,0,13,19172928217
6,100,0,14,19200244345
7,100,0,15,19284396534
8,100,0,16,19183069356
9,100,0,17,19238856425
10,100,0,18,19097482133
11,100,0,19,19250912067
12,100,0,2,22617604555
13,100,0,20,19231027146
14,100,0,21,19150589680
15,100,0,22,19207316238
16,100,0,23,19178006041
17,100,0,24,19264792821
18,100,0,25,19135434921
19,100,0,26,19372894441
20,100,0,27,19132038942
21,100,0,28,19110412105
22,100,0,29,19088871119
23,100,0,3,19066856224
24,100,0,4,19152143613
25,100,0,5,19280399557
26,100,0,6,19074686485
27,100,0,7,19147556872
28,100,0,8,19252463105
29,100,0,9,19170013403
30,100,100,0,23493947762
31,100,100,1,23478830324
32,100,100,10,23470667907
33,100,100,11,23484959699
34,100,100,12,23468890019
35,100,100,13,23490467467
36,100,100,14,23469663608
37,100,100,15,23498573402
38,100,100,16,23509051901
39,100,100,17,23471188212
40,100,100,18,23484295919
41,100,100,19,23481247977
42,100,100,2,23472065868
43,100,100,20,23490277062
44,100,100,21,23505931777
45,100,100,22,23471021943
46,100,100,23,23478137875
47,100,100,24,23488593557
48,100,100,25,23478111754
49,100,100,26,23487873797
50,100,100,27,23507418543
51,100,100,28,23470986224
52,100,100,29,23475788398
53,100,100,3,23474632979
54,100,100,4,23471604125
55,100,100,5,23483772742
56,100,100,6,23477608177
57,100,100,7,23491258840
58,100,100,8,23474314068
59,100,100,9,23481285724
60,100,105,0,23892519416
61,100,105,1,23893106031
62,100,105,10,23875914296
63,100,105,11,26133743154
64,100,105,12,23896576847
65,100,105,13,23886150389
66,100,105,14,23872400010
67,100,105,15,23868135998
68,100,105,16,23869730685
69,100,105,17,23895336385
70,100,105,18,23884380569
71,100,105,19,23880766521
72,100,105,2,23893575259
73,100,105,20,23886871823
74,100,105,21,23882151712
75,100,105,22,23884654230
76,100,105,23,23876469614
77,100,105,24,23879547005
78,100,105,25,23891129249
79,100,105,26,23893313833
80,100,105,27,23881425561
81,100,105,28,23892578590
82,100,105,29,23879242174
83,100,105,3,23888075701
84,100,105,4,23896658770
85,100,105,5,23898416440
86,100,105,6,23885742821
87,100,105,7,23880227183
88,100,105,8,23865319709
89,100,105,9,23878908912
90,100,10,0,19083058097
91,100,10,1,19297112814
92,100,10,10,19178331931
93,100,10,11,19086639085
94,100,10,12,19199119845
95,100,10,13,19109888409
96,100,10,14,22509828851
97,100,10,15,19134479003
98,100,10,16,19164036442
99,100,10,17,19220827458
100,100,10,18,19234638104
101,100,10,19,19222078435
102,100,10,2,19103915100
103,100,10,20,19149157376
104,100,10,21,19107733456
105,100,10,22,19221637773
106,100,10,23,19158335059
107,100,10,24,19281587850
108,100,10,25,19132564125
109,100,10,26,19845327940
110,100,10,27,19161498551
111,100,10,28,19169586541
112,100,10,29,19178702163
113,100,10,3,19148370392
114,100,10,4,19116653884
115,100,10,5,19217976354
116,100,10,6,19127099884
117,100,10,7,19137222576
118,100,10,8,19285592278
119,100,10,9,19199447629
120,100,110,0,24285425656
121,100,110,1,24276641492
122,100,110,10,24289585940
123,100,110,11,24294622975
124,100,110,12,24277145526
125,100,110,13,24268650314
126,100,110,14,24289495411
127,100,110,15,24284231413
128,100,110,16,24268775235
129,100,110,17,24267273009
130,100,110,18,24271742474
131,100,110,19,24279743764
132,100,110,2,24278872491
133,100,110,20,24298564851
134,100,110,21,24272459714
135,100,110,22,24297619168
136,100,110,23,24296897961
137,100,110,24,24269246336
138,100,110,25,24296178789
139,100,110,26,24281983415
140,100,110,27,24288982314
141,100,110,28,24284958039
142,100,110,29,24279788489
143,100,110,3,24304418228
144,100,110,4,24303330718
145,100,110,5,24288145274
146,100,110,6,24274711141
147,100,110,7,24292229781
148,100,110,8,24270943381
149,100,110,9,24297742364
150,100,115,0,24670154489
151,100,115,1,24683799980
152,100,115,10,24688385115
153,100,115,11,24683921358
154,100,115,12,24685674378
155,100,115,13,24670385968
156,100,115,14,24685700243
157,100,115,15,24702037802
158,100,115,16,24688143519
159,100,115,17,24675333471
160,100,115,18,24699629301
161,100,115,19,24686514920
162,100,115,2,24703705110
163,100,115,20,24686457638
164,100,115,21,24694376195
165,100,115,22,24685097752
166,100,115,23,25644114856
167,100,115,24,24690468837
168,100,115,25,24678482576
169,100,115,26,24686379347
170,100,115,27,24687599155
171,100,115,28,24691136010
172,100,115,29,24702102095
173,100,115,3,24694608859
174,100,115,4,24712554109
175,100,115,5,24691905071
176,100,115,6,24675432528
177,100,115,7,24684444152
178,100,115,8,24694480305
179,100,115,9,24686718675
180,100,120,0,25490669893
181,100,120,1,25477333043
182,100,120,10,25473467825
183,100,120,11,25491732911
184,100,120,12,25490051104
185,100,120,13,25485047268
186,100,120,14,25470520050
187,100,120,15,25486997120
188,100,120,16,25477730242
189,100,120,17,25477292133
190,100,120,18,25486137166
191,100,120,19,25498997622
192,100,120,2,25472765272
193,100,120,20,25488568678
194,100,120,21,25493400494
195,100,120,22,25504691578
196,100,120,23,25496587900
197,100,120,24,25471345823
198,100,120,25,25481738669
199,100,120,26,25479715047
200,100,120,27,25470593777
201,100,120,28,25491616091
202,100,120,29,25487655705
203,100,120,3,25488356710
204,100,120,4,25487865255
205,100,120,5,25495220044
206,100,120,6,25487185166
207,100,120,7,25471758179
208,100,120,8,25479087732
209,100,120,9,25478708504
210,100,125,0,25891985057
211,100,125,1,25882768156
212,100,125,10,25886544350
213,100,125,11,25895038389
214,100,125,12,25875512559
215,100,125,13,25889584448
216,100,125,14,25890959874
217,100,125,15,25873673943
218,100,125,16,25873319114
219,100,125,17,25879460335
220,100,125,18,25879615245
221,100,125,19,25879326723
222,100,125,2,25897735937
223,100,125,20,25875558389
224,100,125,21,25885092468
225,100,125,22,25888261976
226,100,125,23,25878627587
227,100,125,24,25888869548
228,100,125,25,25953245126
229,100,125,26,25900551914
230,100,125,27,25887237284
231,100,125,28,25878324207
232,100,125,29,25878696428
233,100,125,3,25884755578
234,100,125,4,25900096718
235,100,125,5,25881878833
236,100,125,6,25889999653
237,100,125,7,25871172520
238,100,125,8,25880424481
239,100,125,9,25887256005
240,100,130,0,26286149185
241,100,130,1,26282223379
242,100,130,10,26287587834
243,100,130,11,26270594768
244,100,130,12,26302209515
245,100,130,13,26276037600
246,100,130,14,26289054808
247,100,130,15,26272269762
248,100,130,16,26283357250
249,100,130,17,26272860779
250,100,130,18,26290203422
251,100,130,19,26280241579
252,100,130,2,26294419960
253,100,130,20,26291293461
254,100,130,21,26269202461
255,100,130,22,26279406006
256,100,130,23,26278658279
257,100,130,24,26289537365
258,100,130,25,26286265034
259,100,130,26,26278696525
260,100,130,27,26297146569
261,100,130,28,26297171441
262,100,130,29,26281638892
263,100,130,3,26306289470
264,100,130,4,26287417456
265,100,130,5,26279141977
266,100,130,6,26568064979
267,100,130,7,26284185321
268,100,130,8,26281199421
269,100,130,9,26285268667
270,100,135,0,26675882332
271,100,135,1,26689375532
272,100,135,10,26696856618
273,100,135,11,26677362067
274,100,135,12,26698185298
275,100,135,13,26695743213
276,100,135,14,26679627026
277,100,135,15,26668155276
278,100,135,16,26680056811
279,100,135,17,26687383284
280,100,135,18,26699791446
281,100,135,19,26670001420
282,100,135,2,26677228063
283,100,135,20,26689045377
284,100,135,21,26685296144
285,100,135,22,26672571361
286,100,135,23,26705787429
287,100,135,24,26676579612
288,100,135,25,26689736677
289,100,135,26,26702877443
290,100,135,27,26692187410
291,100,135,28,26707516388
292,100,135,29,26687592394
293,100,135,3,26697019821
294,100,135,4,26696358778
295,100,135,5,26699234288
296,100,135,6,26671895976
297,100,135,7,26696689535
298,100,135,8,26675027104
299,100,135,9,26683432666
300,100,140,0,27478473331
301,100,140,1,27482075097
302,100,140,10,27498928484
303,100,140,11,27516626325
304,100,140,12,27493590068
305,100,140,13,27494810299
306,100,140,14,27470132540
307,100,140,15,27499294464
308,100,140,16,27467644513
309,100,140,17,27503190696
310,100,140,18,27478424697
311,100,140,19,27514693733
312,100,140,2,27495450188
313,100,140,20,27491761787
314,100,140,21,27500446876
315,100,140,22,27492726995
316,100,140,23,27471805367
317,100,140,24,27485905585
318,100,140,25,27481556297
319,100,140,26,27500514834
320,100,140,27,27477999540
321,100,140,28,27503066979
322,100,140,29,27489205176
323,100,140,3,27491038850
324,100,140,4,27550097636
325,100,140,5,27497957975
326,100,140,6,27472043753
327,100,140,7,27503084528
328,100,140,8,27497459311
329,100,140,9,27489336772
330,100,145,0,27910483986
331,100,145,1,27881910403
332,100,145,10,27871625885
333,100,145,11,27874421814
334,100,145,12,27888911996
335,100,145,13,27883075564
336,100,145,14,27870224274
337,100,145,15,27880134588
338,100,145,16,27871834730
339,100,145,17,27886688759
340,100,145,18,27887917104
341,100,145,19,27891399267
342,100,145,2,27877263156
343,100,145,20,27896373546
344,100,145,21,27878739015
345,100,145,22,27891889870
346,100,145,23,27879775217
347,100,145,24,27892521309
348,100,145,25,27870186805
349,100,145,26,27870423069
350,100,145,27,27870181243
351,100,145,28,27875987848
352,100,145,29,27886512253
353,100,145,3,27889103941
354,100,145,4,27884351460
355,100,145,5,27887158924
356,100,145,6,27895460717
357,100,145,7,27870138666
358,100,145,8,27886039557
359,100,145,9,27876952740
360,100,150,0,28280094346
361,100,150,1,28283695047
362,100,150,10,28267466374
363,100,150,11,28276134196
364,100,150,12,28273513411
365,100,150,13,28300362711
366,100,150,14,28295623293
367,100,150,15,28275195628
368,100,150,16,28304399518
369,100,150,17,28289763509
370,100,150,18,28280724368
371,100,150,19,28326423710
372,100,150,2,28300836427
373,100,150,20,28271832207
374,100,150,21,28292129344
375,100,150,22,28277969673
376,100,150,23,28280442284
377,100,150,24,28286956010
378,100,150,25,28279888296
379,100,150,26,28289432419
380,100,150,27,28279372760
381,100,150,28,28288058100
382,100,150,29,28279580235
383,100,150,3,28280656201
384,100,150,4,28299785085
385,100,150,5,28282982893
386,100,150,6,28288090955
387,100,150,7,28277059759
388,100,150,8,28288167199
389,100,150,9,28289840796
390,100,15,0,19159618008
391,100,15,1,19302247912
392,100,15,10,19216279944
393,100,15,11,19096238574
394,100,15,12,19120169926
395,100,15,13,19127201609
396,100,15,14,19267618460
397,100,15,15,19170961219
398,100,15,16,19293366056
399,100,15,17,19196066050
400,100,15,18,19141966027
401,100,15,19,19225166072
402,100,15,2,19101884543
403,100,15,20,19109583748
404,100,15,21,19161070153
405,100,15,22,19164780149
406,100,15,23,19209184585
407,100,15,24,19093819798
408,100,15,25,19286675132
409,100,15,26,19125017238
410,100,15,27,19181837671
411,100,15,28,19121208162
412,100,15,29,19192977952
413,100,15,3,19212638130
414,100,15,4,19089347340
415,100,15,5,19255484294
416,100,15,6,19140484323
417,100,15,7,19226658203
418,100,15,8,19227586750
419,100,15,9,19152808405
420,100,20,0,19878164354
421,100,20,1,19892359112
422,100,20,10,19877782324
423,100,20,11,19872054680
424,100,20,12,19885463081
425,100,20,13,19937472492
426,100,20,14,19877492077
427,100,20,15,19869176755
428,100,20,16,19873807476
429,100,20,17,19895220024
430,100,20,18,19906586314
431,100,20,19,19885255905
432,100,20,2,19886508836
433,100,20,20,19884669797
434,100,20,21,19888104176
435,100,20,22,19877289228
436,100,20,23,19872069331
437,100,20,24,19909130398
438,100,20,25,19876413419
439,100,20,26,22839196802
440,100,20,27,19888791339
441,100,20,28,19895426880
442,100,20,29,19874036157
443,100,20,3,19878586906
444,100,20,4,19888518696
445,100,20,5,19878866393
446,100,20,6,19886429862
447,100,20,7,19871213386
448,100,20,8,19869895845
449,100,20,9,19885014601
450,100,25,0,20278919538
451,100,25,1,20289749043
452,100,25,10,20281102255
453,100,25,11,20267698137
454,100,25,12,20277007505
455,100,25,13,20287182096
456,100,25,14,20266455679
457,100,25,15,20267675799
458,100,25,16,20280622714
459,100,25,17,20279197872
460,100,25,18,20271847898
461,100,25,19,20306166241
462,100,25,2,20273140900
463,100,25,20,20272269991
464,100,25,21,20300634757
465,100,25,22,20270941337
466,100,25,23,20288748831
467,100,25,24,20271750181
468,100,25,25,20273659094
469,100,25,26,20270927765
470,100,25,27,20293493433
471,100,25,28,20313478970
472,100,25,29,20276938995
473,100,25,3,20277035015
474,100,25,4,20285341809
475,100,25,5,20287333892
476,100,25,6,20279025180
477,100,25,7,20270387676
478,100,25,8,20289777197
479,100,25,9,20265877555
480,100,30,0,20670228461
481,100,30,1,20673297153
482,100,30,10,20709876129
483,100,30,11,20683748768
484,100,30,12,20704231947
485,100,30,13,20683330192
486,100,30,14,20672540119
487,100,30,15,20693066078
488,100,30,16,20688187816
489,100,30,17,20672524073
490,100,30,18,20682136852
491,100,30,19,20682877584
492,100,30,2,20682553115
493,100,30,20,20681158656
494,100,30,21,20705719932
495,100,30,22,20673842714
496,100,30,23,20678288109
497,100,30,24,20694421918
498,100,30,25,20733907057
499,100,30,26,20684224170
500,100,30,27,20670848157
501,100,30,28,20670368661
502,100,30,29,20695248034
503,100,30,3,20671699520
504,100,30,4,20696077622
505,100,30,5,20670277254
506,100,30,6,20679433534
507,100,30,7,20673684761
508,100,30,8,20687956272
509,100,30,9,20681753104
510,100,35,0,21106675135
511,100,35,1,21092144526
512,100,35,10,21089375042
513,100,35,11,21067893010
514,100,35,12,21085327704
515,100,35,13,21085626783
516,100,35,14,21097233173
517,100,35,15,21079933674
518,100,35,16,21082249784
519,100,35,17,21096103912
520,100,35,18,21079968561
521,100,35,19,21070329839
522,100,35,2,21070121980
523,100,35,20,21095975792
524,100,35,21,21074663213
525,100,35,22,21080149671
526,100,35,23,21068562183
527,100,35,24,21075632780
528,100,35,25,21081056903
529,100,35,26,21079171986
530,100,35,27,21087931040
531,100,35,28,21071696072
532,100,35,29,21079002986
533,100,35,3,21071728684
534,100,35,4,21102274693
535,100,35,5,21070675141
536,100,35,6,21093631848
537,100,35,7,21073613550
538,100,35,8,21085245635
539,100,35,9,21103810743
540,100,40,0,19111599453
541,100,40,1,19126977978
542,100,40,10,19114963017
543,100,40,11,19133651060
544,100,40,12,19090720381
545,100,40,13,19142039585
546,100,40,14,19136889570
547,100,40,15,19063710333
548,100,40,16,19116639687
549,100,40,17,19145836928
550,100,40,18,19223845887
551,100,40,19,19159654259
552,100,40,2,19118765596
553,100,40,20,19208822147
554,100,40,21,19356085666
555,100,40,22,19056353340
556,100,40,23,19113038233
557,100,40,24,19217407554
558,100,40,25,19203704023
559,100,40,26,19184786757
560,100,40,27,19136324001
561,100,40,28,19239359187
562,100,40,29,19172793726
563,100,40,3,19129808797
564,100,40,4,19110585142
565,100,40,5,19078723489
566,100,40,6,19112213904
567,100,40,7,19049546456
568,100,40,8,19158446361
569,100,40,9,22504512200
570,100,45,0,19349622838
571,100,45,1,19166539424
572,100,45,10,19149079403
573,100,45,11,19153682034
574,100,45,12,19183196782
575,100,45,13,19094673475
576,100,45,14,19172148910
577,100,45,15,19187172923
578,100,45,16,19184155372
579,100,45,17,19091872048
580,100,45,18,19228919371
581,100,45,19,19162276052
582,100,45,2,19302458475
583,100,45,20,19177731563
584,100,45,21,19098073295
585,100,45,22,19245236006
586,100,45,23,19253823511
587,100,45,24,19335340767
588,100,45,25,19174554261
589,100,45,26,19144499511
590,100,45,27,19110464823
591,100,45,28,19167528684
592,100,45,29,19288948497
593,100,45,3,19147507487
594,100,45,4,19176453680
595,100,45,5,19183402503
596,100,45,6,19240551834
597,100,45,7,19101939874
598,100,45,8,19165899789
599,100,45,9,19163880077
600,100,50,0,19123782511
601,100,50,1,19078951011
602,100,50,10,19135370071
603,100,50,11,19120256901
604,100,50,12,19050120573
605,100,50,13,19151243836
606,100,50,14,19181343555
607,100,50,15,19025404467
608,100,50,16,19172552945
609,100,50,17,19212908322
610,100,50,18,19267941159
611,100,50,19,19201836911
612,100,50,2,19239572335
613,100,50,20,19157549631
614,100,50,21,22464669736
615,100,50,22,19173678109
616,100,50,23,19092806510
617,100,50,24,19227182567
618,100,50,25,19209131983
619,100,50,26,19229180568
620,100,50,27,19179353254
621,100,50,28,19126472923
622,100,50,29,19232460842
623,100,50,3,19177889304
624,100,50,4,19183509685
625,100,50,5,19164893299
626,100,50,6,19152843887
627,100,50,7,19175309158
628,100,50,8,19205065621
629,100,50,9,19210175209
630,100,55,0,19216745729
631,100,55,1,19127560391
632,100,55,10,19244065956
633,100,55,11,19125481146
634,100,55,12,19175914492
635,100,55,13,19202952243
636,100,55,14,19175654832
637,100,55,15,19258458459
638,100,55,16,19181877390
639,100,55,17,19288159779
640,100,55,18,19220302032
641,100,55,19,19115735618
642,100,55,2,19202406082
643,100,55,20,19160488900
644,100,55,21,19210889790
645,100,55,22,19265738512
646,100,55,23,19119959279
647,100,55,24,19334195864
648,100,55,25,19276546425
649,100,55,26,19241518542
650,100,55,27,19146715375
651,100,55,28,19275024952
652,100,55,29,19139792225
653,100,55,3,19160149209
654,100,55,4,19528901943
655,100,55,5,19155157447
656,100,55,6,19144134516
657,100,55,7,19091620374
658,100,55,8,19224609547
659,100,55,9,19122038893
660,100,5,0,19125073341
661,100,5,1,19195850471
662,100,5,10,19164657611
663,100,5,11,19168265186
664,100,5,12,19213985470
665,100,5,13,19221719338
666,100,5,14,19205098404
667,100,5,15,19156469635
668,100,5,16,19204100547
669,100,5,17,19240278322
670,100,5,18,19253918822
671,100,5,19,19155686868
672,100,5,2,19074386938
673,100,5,20,19194612935
674,100,5,21,19248489749
675,100,5,22,19275938879
676,100,5,23,19202475077
677,100,5,24,19163736079
678,100,5,25,19210040769
679,100,5,26,19417285070
680,100,5,27,19212817664
681,100,5,28,19176705340
682,100,5,29,19446562256
683,100,5,3,19119210153
684,100,5,4,19111728246
685,100,5,5,19131034715
686,100,5,6,19126343514
687,100,5,7,19089854744
688,100,5,8,19132930112
689,100,5,9,19200174317
690,100,60,0,19478472627
691,100,60,1,19513971746
692,100,60,10,19470014487
693,100,60,11,19531265346
694,100,60,12,19479028885
695,100,60,13,19473531309
696,100,60,14,19469187938
697,100,60,15,19469844148
698,100,60,16,19600294875
699,100,60,17,19494624919
700,100,60,18,19506183614
701,100,60,19,19485422277
702,100,60,2,19486489811
703,100,60,20,19471884105
704,100,60,21,19478111011
705,100,60,22,19490575553
706,100,60,23,19472900767
707,100,60,24,19506286706
708,100,60,25,19520402023
709,100,60,26,19471387739
710,100,60,27,19480738335
711,100,60,28,19507768739
712,100,60,29,19478925111
713,100,60,3,19473165961
714,100,60,4,19478546360
715,100,60,5,19475033614
716,100,60,6,19514607987
717,100,60,7,19469099537
718,100,60,8,19483306518
719,100,60,9,19510435665
720,100,65,0,19878178197
721,100,65,1,19872372292
722,100,65,10,19885965021
723,100,65,11,19888841914
724,100,65,12,19880869749
725,100,65,13,19903394963
726,100,65,14,19897207588
727,100,65,15,19891560035
728,100,65,16,20043726006
729,100,65,17,19870733963
730,100,65,18,19876920279
731,100,65,19,19870284923
732,100,65,2,19879989057
733,100,65,20,19890462672
734,100,65,21,19869403766
735,100,65,22,19934243065
736,100,65,23,19870213780
737,100,65,24,19879140260
738,100,65,25,19894407003
739,100,65,26,19888993823
740,100,65,27,19894132603
741,100,65,28,19869666898
742,100,65,29,19878357192
743,100,65,3,19901425411
744,100,65,4,19884919294
745,100,65,5,19874738639
746,100,65,6,19905461800
747,100,65,7,19880232659
748,100,65,8,19898924331
749,100,65,9,19874315201
750,100,70,0,20286149859
751,100,70,1,20277254923
752,100,70,10,20280626658
753,100,70,11,20274943626
754,100,70,12,20297938485
755,100,70,13,20278083438
756,100,70,14,20270871914
757,100,70,15,20308273065
758,100,70,16,20292373491
759,100,70,17,20293492674
760,100,70,18,20268599730
761,100,70,19,20289182179
762,100,70,2,20277123457
763,100,70,20,20282884797
764,100,70,21,20303813714
765,100,70,22,20275212884
766,100,70,23,20290105244
767,100,70,24,20286340282
768,100,70,25,20300801109
769,100,70,26,20267361269
770,100,70,27,20273907158
771,100,70,28,20395629971
772,100,70,29,20287360060
773,100,70,3,20268226828
774,100,70,4,22873596398
775,100,70,5,20300335019
776,100,70,6,20270244630
777,100,70,7,20265240366
778,100,70,8,20270835734
779,100,70,9,20278424087
780,100,75,0,20671635426
781,100,75,1,20693523381
782,100,75,10,20682790615
783,100,75,11,20668334045
784,100,75,12,20690540399
785,100,75,13,20690340397
786,100,75,14,20686126294
787,100,75,15,20682599260
788,100,75,16,20666555615
789,100,75,17,20687113448
790,100,75,18,20681750922
791,100,75,19,20685354673
792,100,75,2,20697791206
793,100,75,20,20694391455
794,100,75,21,20674729198
795,100,75,22,20702739808
796,100,75,23,20673358637
797,100,75,24,20684233447
798,100,75,25,20695600038
799,100,75,26,20697174158
800,100,75,27,20667977291
801,100,75,28,20680699435
802,100,75,29,20679345634
803,100,75,3,20677994907
804,100,75,4,20669510453
805,100,75,5,20683473148
806,100,75,6,20675000340
807,100,75,7,20677928182
808,100,75,8,20672000154
809,100,75,9,20685912540
810,100,80,0,21480611581
811,100,80,1,21503088571
812,100,80,10,21487760598
813,100,80,11,21494388555
814,100,80,12,21475198650
815,100,80,13,21472991761
816,100,80,14,21505241522
817,100,80,15,21480956154
818,100,80,16,23426614640
819,100,80,17,21477135346
820,100,80,18,21486401906
821,100,80,19,21478298587
822,100,80,2,21489586134
823,100,80,20,21470840034
824,100,80,21,21471993143
825,100,80,22,21480718970
826,100,80,23,21493555296
827,100,80,24,21478331569
828,100,80,25,21479328731
829,100,80,26,21476592190
830,100,80,27,21475122470
831,100,80,28,21480513037
832,100,80,29,21497526906
833,100,80,3,21495428299
834,100,80,4,21489472005
835,100,80,5,21493700645
836,100,80,6,21470319376
837,100,80,7,21488533842
838,100,80,8,21491850782
839,100,80,9,21479573496
840,100,85,0,21887974642
841,100,85,1,21879213043
842,100,85,10,21877318445
843,100,85,11,21878458972
844,100,85,12,21876072571
845,100,85,13,21880317920
846,100,85,14,21880248682
847,100,85,15,21878311217
848,100,85,16,21898544046
849,100,85,17,21871182219
850,100,85,18,21891686151
851,100,85,19,21876097176
852,100,85,2,21870557173
853,100,85,20,21881572397
854,100,85,21,21909233252
855,100,85,22,21878794176
856,100,85,23,21878678880
857,100,85,24,21901735670
858,100,85,25,21881535902
859,100,85,26,21875882218
860,100,85,27,21887187852
861,100,85,28,21881765373
862,100,85,29,21868334132
863,100,85,3,21872340520
864,100,85,4,21883951784
865,100,85,5,21887644501
866,100,85,6,21896286399
867,100,85,7,21883246882
868,100,85,8,21880855262
869,100,85,9,21870038472
870,100,90,0,22277461041
871,100,90,1,22284194393
872,100,90,10,22292609587
873,100,90,11,22276410059
874,100,90,12,22290761712
875,100,90,13,22287364753
876,100,90,14,22284887385
877,100,90,15,22302986096
878,100,90,16,22268924883
879,100,90,17,22287646194
880,100,90,18,22275398024
881,100,90,19,22278176952
882,100,90,2,22297366855
883,100,90,20,22288717147
884,100,90,21,22298677463
885,100,90,22,22277772965
886,100,90,23,22288341109
887,100,90,24,22278341744
888,100,90,25,22292190188
889,100,90,26,22306820797
890,100,90,27,22292966716
891,100,90,28,23576271517
892,100,90,29,22271706334
893,100,90,3,22290373425
894,100,90,4,22291409663
895,100,90,5,22272418295
896,100,90,6,22278183803
897,100,90,7,22285781362
898,100,90,8,22277923919
899,100,90,9,22291775805
900,100,95,0,22693655968
901,100,95,1,22670482920
902,100,95,10,22697308202
903,100,95,11,22695003135
904,100,95,12,22679773672
905,100,95,13,22682837327
906,100,95,14,22676096625
907,100,95,15,22696368452
908,100,95,16,22685907277
909,100,95,17,22686500619
910,100,95,18,22682830459
911,100,95,19,22710146942
912,100,95,2,22687226955
913,100,95,20,22684532230
914,100,95,21,22695140428
915,100,95,22,22696111481
916,100,95,23,22684017111
917,100,95,24,22692147556
918,100,95,25,22683485622
919,100,95,26,22679606339
920,100,95,27,22698963479
921,100,95,28,22716999365
922,100,95,29,22680206867
923,100,95,3,22724669348
924,100,95,4,22686303692
925,100,95,5,22680160311
926,100,95,6,22681754600
927,100,95,7,22699283363
928,100,95,8,22695355916
929,100,95,9,22679880276
930,1,0,0,756909329
931,1,0,1,761386191
932,1,0,10,751968603
933,1,0,11,756607948
934,1,0,12,751415665
935,1,0,13,772070637
936,1,0,14,804475749
937,1,0,15,763009770
938,1,0,16,761419402
939,1,0,17,769713270
940,1,0,18,751530293
941,1,0,19,740798548
942,1,0,2,768782148
943,1,0,20,744565719
944,1,0,21,756598828
945,1,0,22,744190492
946,1,0,23,752534603
947,1,0,24,749244961
948,1,0,25,765642673
949,1,0,26,746144503
950,1,0,27,754061835
951,1,0,28,770340142
952,1,0,29,756548556
953,1,0,3,754356518
954,1,0,4,747870724
955,1,0,5,746143690
956,1,0,6,758089675
957,1,0,7,737963394
958,1,0,8,741734714
959,1,0,9,764071916
960,1,100,0,843738401
961,1,100,1,855854856
962,1,100,10,864054868
963,1,100,11,854328444
964,1,100,12,857668476
965,1,100,13,873887133
966,1,100,14,864869577
967,1,100,15,843394187
968,1,100,16,874095791
969,1,100,17,608758746
970,1,100,18,843256004
971,1,100,19,846177261
972,1,100,2,865540280
973,1,100,20,864908572
974,1,100,21,844294891
975,1,100,22,854920013
976,1,100,23,849242640
977,1,100,24,859959504
978,1,100,25,839093642
979,1,100,26,867378020
980,1,100,27,858017972
981,1,100,28,853794271
982,1,100,29,859246428
983,1,100,3,848860469
984,1,100,4,846201570
985,1,100,5,850747550
986,1,100,6,865805811
987,1,100,7,854962958
988,1,100,8,863267697
989,1,100,9,867989666
990,1,105,0,840649387
991,1,105,1,876745820
992,1,105,10,845212368
993,1,105,11,875378588
994,1,105,12,864949420
995,1,105,13,839049094
996,1,105,14,872641169
997,1,105,15,874139332
998,1,105,16,854602111
999,1,105,17,861739803
1000,1,105,18,859464882
1001,1,105,19,860806173
1002,1,105,2,866594814
1003,1,105,20,855725567
1004,1,105,21,845567573
1005,1,105,22,852066410
1006,1,105,23,862729393
1007,1,105,24,864164588
1008,1,105,25,852143276
1009,1,105,26,910723590
1010,1,105,27,863224320
1011,1,105,28,877745177
1012,1,105,29,870350278
1013,1,105,3,864467260
1014,1,105,4,869558873
1015,1,105,5,843148172
1016,1,105,6,847423563
1017,1,105,7,882639533
1018,1,105,8,866063371
1019,1,105,9,855630495
1020,1,10,0,772078661
1021,1,10,1,747179912
1022,1,10,10,743432762
1023,1,10,11,772476940
1024,1,10,12,772087150
1025,1,10,13,773194753
1026,1,10,14,746870813
1027,1,10,15,764258338
1028,1,10,16,772976640
1029,1,10,17,750927325
1030,1,10,18,746675443
1031,1,10,19,749539564
1032,1,10,2,745631732
1033,1,10,20,750268457
1034,1,10,21,755989458
1035,1,10,22,746799056
1036,1,10,23,769584648
1037,1,10,24,768245808
1038,1,10,25,759174050
1039,1,10,26,771063852
1040,1,10,27,757436313
1041,1,10,28,775716108
1042,1,10,29,747449880
1043,1,10,3,778881385
1044,1,10,4,769042243
1045,1,10,5,743151587
1046,1,10,6,749031348
1047,1,10,7,748169794
1048,1,10,8,773570412
1049,1,10,9,776412411
1050,1,110,0,932264481
1051,1,110,1,878180637
1052,1,110,10,859672432
1053,1,110,11,863282169
1054,1,110,12,868222497
1055,1,110,13,858506465
1056,1,110,14,870448093
1057,1,110,15,884354899
1058,1,110,16,850060497
1059,1,110,17,870500206
1060,1,110,18,856496976
1061,1,110,19,857200631
1062,1,110,2,868791737
1063,1,110,20,858464054
1064,1,110,21,858403147
1065,1,110,22,867090953
1066,1,110,23,893432212
1067,1,110,24,866243832
1068,1,110,25,852971287
1069,1,110,26,853467083
1070,1,110,27,868798347
1071,1,110,28,879757555
1072,1,110,29,863733689
1073,1,110,3,875999312
1074,1,110,4,873661193
1075,1,110,5,856333760
1076,1,110,6,857055237
1077,1,110,7,862168970
1078,1,110,8,853403626
1079,1,110,9,848723242
1080,1,115,0,864724975
1081,1,115,1,861556712
1082,1,115,10,867272762
1083,1,115,11,865394915
1084,1,115,12,871729565
1085,1,115,13,884887028
1086,1,115,14,873146104
1087,1,115,15,855195673
1088,1,115,16,893818698
1089,1,115,17,876105120
1090,1,115,18,873478411
1091,1,115,19,869312380
1092,1,115,2,869871519
1093,1,115,20,849582895
1094,1,115,21,877232785
1095,1,115,22,875740678
1096,1,115,23,878196394
1097,1,115,24,880521004
1098,1,115,25,884511153
1099,1,115,26,854286697
1100,1,115,27,878853274
1101,1,115,28,855249075
1102,1,115,29,855712651
1103,1,115,3,881836931
1104,1,115,4,878401419
1105,1,115,5,867095759
1106,1,115,6,857489360
1107,1,115,7,860749402
1108,1,115,8,859234345
1109,1,115,9,876236697
1110,1,120,0,863481937
1111,1,120,1,865605903
1112,1,120,10,871094638
1113,1,120,11,863302878
1114,1,120,12,872493114
1115,1,120,13,867890585
1116,1,120,14,863167010
1117,1,120,15,856701051
1118,1,120,16,863254310
1119,1,120,17,879727873
1120,1,120,18,867198783
1121,1,120,19,866875516
1122,1,120,2,865904963
1123,1,120,20,860504956
1124,1,120,21,878722083
1125,1,120,22,874876480
1126,1,120,23,882501244
1127,1,120,24,879797880
1128,1,120,25,875859783
1129,1,120,26,879385683
1130,1,120,27,870770259
1131,1,120,28,869275188
1132,1,120,29,870525957
1133,1,120,3,879341498
1134,1,120,4,860654670
1135,1,120,5,864973385
1136,1,120,6,860871763
1137,1,120,7,859317170
1138,1,120,8,891141215
1139,1,120,9,869176378
1140,1,125,0,878478957
1141,1,125,1,866306284
1142,1,125,10,876894538
1143,1,125,11,873705685
1144,1,125,12,874648479
1145,1,125,13,870465195
1146,1,125,14,871398913
1147,1,125,15,887423234
1148,1,125,16,866802354
1149,1,125,17,870425686
1150,1,125,18,882307101
1151,1,125,19,882165285
1152,1,125,2,867144362
1153,1,125,20,870270311
1154,1,125,21,867190791
1155,1,125,22,892275388
1156,1,125,23,869316486
1157,1,125,24,893524441
1158,1,125,25,883867308
1159,1,125,26,872733818
1160,1,125,27,862766683
1161,1,125,28,871989750
1162,1,125,29,872640456
1163,1,125,3,866268402
1164,1,125,4,878550327
1165,1,125,5,870978519
1166,1,125,6,868412081
1167,1,125,7,872576597
1168,1,125,8,868997885
1169,1,125,9,868935838
1170,1,130,0,878855261
1171,1,130,1,882367096
1172,1,130,10,882686572
1173,1,130,11,886027276
1174,1,130,12,882844194
1175,1,130,13,881328084
1176,1,130,14,897670281
1177,1,130,15,870243258
1178,1,130,16,885758916
1179,1,130,17,877603396
1180,1,130,18,889803858
1181,1,130,19,881170583
1182,1,130,2,879824494
1183,1,130,20,873757289
1184,1,130,21,891189166
1185,1,130,22,880255802
1186,1,130,23,880077696
1187,1,130,24,875445120
1188,1,130,25,866899025
1189,1,130,26,883246963
1190,1,130,27,872708228
1191,1,130,28,885194054
1192,1,130,29,867828546
1193,1,130,3,884665888
1194,1,130,4,874415535
1195,1,130,5,880857626
1196,1,130,6,897871710
1197,1,130,7,880979220
1198,1,130,8,891983359
1199,1,130,9,884953538
1200,1,135,0,895097642
1201,1,135,1,884377178
1202,1,135,10,883427400
1203,1,135,11,877911730
1204,1,135,12,877203513
1205,1,135,13,892256807
1206,1,135,14,881202819
1207,1,135,15,881553133
1208,1,135,16,891825125
1209,1,135,17,886774126
1210,1,135,18,882802421
1211,1,135,19,903799323
1212,1,135,2,884398779
1213,1,135,20,898165562
1214,1,135,21,892458824
1215,1,135,22,871854111
1216,1,135,23,875774599
1217,1,135,24,877092594
1218,1,135,25,881615761
1219,1,135,26,884725882
1220,1,135,27,889666199
1221,1,135,28,875010176
1222,1,135,29,883050538
1223,1,135,3,887330747
1224,1,135,4,886008621
1225,1,135,5,887648330
1226,1,135,6,882367210
1227,1,135,7,883273147
1228,1,135,8,876124228
1229,1,135,9,881223965
1230,1,140,0,896515798
1231,1,140,1,900972421
1232,1,140,10,899466791
1233,1,140,11,883655535
1234,1,140,12,898283813
1235,1,140,13,883480264
1236,1,140,14,886787326
1237,1,140,15,893945136
1238,1,140,16,899223287
1239,1,140,17,905482665
1240,1,140,18,907404887
1241,1,140,19,903210210
1242,1,140,2,889545705
1243,1,140,20,904977838
1244,1,140,21,899101402
1245,1,140,22,880219224
1246,1,140,23,910252025
1247,1,140,24,890612008
1248,1,140,25,899763742
1249,1,140,26,913681979
1250,1,140,27,887590453
1251,1,140,28,892544737
1252,1,140,29,887490341
1253,1,140,3,877178549
1254,1,140,4,908070908
1255,1,140,5,897507099
1256,1,140,6,900398391
1257,1,140,7,899230072
1258,1,140,8,890799505
1259,1,140,9,894696159
1260,1,145,0,906129997
1261,1,145,1,900027110
1262,1,145,10,905740748
1263,1,145,11,888756907
1264,1,145,12,917238002
1265,1,145,13,892308974
1266,1,145,14,890744614
1267,1,145,15,904766196
1268,1,145,16,899848187
1269,1,145,17,900374912
1270,1,145,18,915442547
1271,1,145,19,905243367
1272,1,145,2,901412995
1273,1,145,20,909737700
1274,1,145,21,903860093
1275,1,145,22,908508813
1276,1,145,23,894881464
1277,1,145,24,884590473
1278,1,145,25,887233059
1279,1,145,26,894849798
1280,1,145,27,890115882
1281,1,145,28,901235940
1282,1,145,29,923577671
1283,1,145,3,913365132
1284,1,145,4,909086390
1285,1,145,5,908572847
1286,1,145,6,891102416
1287,1,145,7,920413866
1288,1,145,8,892970671
1289,1,145,9,912295001
1290,1,150,0,908288639
1291,1,150,1,904462315
1292,1,150,10,895896756
1293,1,150,11,902924523
1294,1,150,12,906020970
1295,1,150,13,901776180
1296,1,150,14,905966655
1297,1,150,15,904038464
1298,1,150,16,905201049
1299,1,150,17,897906590
1300,1,150,18,914744881
1301,1,150,19,916674782
1302,1,150,2,902799360
1303,1,150,20,908355932
1304,1,150,21,917567728
1305,1,150,22,949693539
1306,1,150,23,893508484
1307,1,150,24,980235851
1308,1,150,25,943964473
1309,1,150,26,895861062
1310,1,150,27,901129955
1311,1,150,28,910009157
1312,1,150,29,901739881
1313,1,150,3,890137452
1314,1,150,4,913916043
1315,1,150,5,910319689
1316,1,150,6,911449135
1317,1,150,7,911610141
1318,1,150,8,907613958
1319,1,150,9,909093376
1320,1,15,0,778073174
1321,1,15,1,774961247
1322,1,15,10,770039438
1323,1,15,11,765109767
1324,1,15,12,777621672
1325,1,15,13,755216751
1326,1,15,14,789015153
1327,1,15,15,770157683
1328,1,15,16,775714717
1329,1,15,17,774942550
1330,1,15,18,786613661
1331,1,15,19,755583752
1332,1,15,2,764969549
1333,1,15,20,758861156
1334,1,15,21,759005364
1335,1,15,22,765264211
1336,1,15,23,778322138
1337,1,15,24,767954524
1338,1,15,25,772615549
1339,1,15,26,781452834
1340,1,15,27,754502830
1341,1,15,28,757308522
1342,1,15,29,767988056
1343,1,15,3,768305755
1344,1,15,4,767573012
1345,1,15,5,762814492
1346,1,15,6,756590782
1347,1,15,7,758456764
1348,1,15,8,754281897
1349,1,15,9,769006755
1350,1,20,0,773586965
1351,1,20,1,761686934
1352,1,20,10,766304845
1353,1,20,11,762695105
1354,1,20,12,761978602
1355,1,20,13,762438983
1356,1,20,14,762458980
1357,1,20,15,765768444
1358,1,20,16,759607499
1359,1,20,17,772419026
1360,1,20,18,765543431
1361,1,20,19,757934274
1362,1,20,2,770482891
1363,1,20,20,764297265
1364,1,20,21,786950759
1365,1,20,22,770131665
1366,1,20,23,773659297
1367,1,20,24,777778929
1368,1,20,25,815690313
1369,1,20,26,770014477
1370,1,20,27,765945155
1371,1,20,28,770106014
1372,1,20,29,756501237
1373,1,20,3,763762969
1374,1,20,4,772694160
1375,1,20,5,764147718
1376,1,20,6,773745713
1377,1,20,7,770593288
1378,1,20,8,768968445
1379,1,20,9,769676590
1380,1,25,0,764710265
1381,1,25,1,778695158
1382,1,25,10,765172926
1383,1,25,11,772153635
1384,1,25,12,767424599
1385,1,25,13,760094193
1386,1,25,14,767935493
1387,1,25,15,769112437
1388,1,25,16,775537795
1389,1,25,17,776443370
1390,1,25,18,768715089
1391,1,25,19,773331914
1392,1,25,2,763123373
1393,1,25,20,774233360
1394,1,25,21,778082143
1395,1,25,22,775875649
1396,1,25,23,770223213
1397,1,25,24,774444425
1398,1,25,25,768948112
1399,1,25,26,762576700
1400,1,25,27,787191366
1401,1,25,28,776196638
1402,1,25,29,769396523
1403,1,25,3,765358537
1404,1,25,4,766108600
1405,1,25,5,800279308
1406,1,25,6,768597355
1407,1,25,7,774927614
1408,1,25,8,776008256
1409,1,25,9,771155188
1410,1,30,0,812844668
1411,1,30,1,768277484
1412,1,30,10,788639203
1413,1,30,11,782434905
1414,1,30,12,770324258
1415,1,30,13,810934574
1416,1,30,14,771979244
1417,1,30,15,786896564
1418,1,30,16,778710185
1419,1,30,17,776051217
1420,1,30,18,772630470
1421,1,30,19,873214227
1422,1,30,2,789499308
1423,1,30,20,780156220
1424,1,30,21,788269688
1425,1,30,22,776973815
1426,1,30,23,778016887
1427,1,30,24,768593760
1428,1,30,25,776772973
1429,1,30,26,773751013
1430,1,30,27,775684200
1431,1,30,28,771482961
1432,1,30,29,778626255
1433,1,30,3,773224774
1434,1,30,4,780701954
1435,1,30,5,774129327
1436,1,30,6,779818353
1437,1,30,7,949306104
1438,1,30,8,783792531
1439,1,30,9,784616693
1440,1,35,0,789764595
1441,1,35,1,787492651
1442,1,35,10,807363682
1443,1,35,11,786439604
1444,1,35,12,780159243
1445,1,35,13,776689896
1446,1,35,14,786014053
1447,1,35,15,781565112
1448,1,35,16,782166708
1449,1,35,17,778976633
1450,1,35,18,799146246
1451,1,35,19,780015999
1452,1,35,2,775658483
1453,1,35,20,786893555
1454,1,35,21,776499780
1455,1,35,22,791492942
1456,1,35,23,775060381
1457,1,35,24,774283273
1458,1,35,25,778329618
1459,1,35,26,773523367
1460,1,35,27,771366807
1461,1,35,28,858940488
1462,1,35,29,788568661
1463,1,35,3,784525764
1464,1,35,4,777796684
1465,1,35,5,774924636
1466,1,35,6,796559048
1467,1,35,7,799096417
1468,1,35,8,780785070
1469,1,35,9,795745149
1470,1,40,0,780640182
1471,1,40,1,813424413
1472,1,40,10,794397214
1473,1,40,11,787138632
1474,1,40,12,781422048
1475,1,40,13,787396042
1476,1,40,14,791020327
1477,1,40,15,824348858
1478,1,40,16,788072064
1479,1,40,17,793665876
1480,1,40,18,797354642
1481,1,40,19,795325295
1482,1,40,2,798123995
1483,1,40,20,801843568
1484,1,40,21,803436858
1485,1,40,22,832610472
1486,1,40,23,815378053
1487,1,40,24,782328818
1488,1,40,25,799931055
1489,1,40,26,790103872
1490,1,40,27,802159172
1491,1,40,28,802543540
1492,1,40,29,788669840
1493,1,40,3,781258937
1494,1,40,4,786057981
1495,1,40,5,810284060
1496,1,40,6,797951794
1497,1,40,7,797200035
1498,1,40,8,787828788
1499,1,40,9,801896998
1500,1,45,0,795243583
1501,1,45,1,806817723
1502,1,45,10,815490057
1503,1,45,11,820404668
1504,1,45,12,834851085
1505,1,45,13,795618066
1506,1,45,14,800371795
1507,1,45,15,817516445
1508,1,45,16,806610254
1509,1,45,17,809002131
1510,1,45,18,812654788
1511,1,45,19,796432277
1512,1,45,2,802962684
1513,1,45,20,807560813
1514,1,45,21,808235394
1515,1,45,22,794848024
1516,1,45,23,790608513
1517,1,45,24,801983831
1518,1,45,25,792382971
1519,1,45,26,793713030
1520,1,45,27,792721450
1521,1,45,28,804193609
1522,1,45,29,792887828
1523,1,45,3,778591474
1524,1,45,4,792741545
1525,1,45,5,819120735
1526,1,45,6,806842942
1527,1,45,7,809803414
1528,1,45,8,815609183
1529,1,45,9,794680265
1530,1,50,0,810606468
1531,1,50,1,802040939
1532,1,50,10,809854856
1533,1,50,11,833728194
1534,1,50,12,808526697
1535,1,50,13,796352081
1536,1,50,14,808421868
1537,1,50,15,807220517
1538,1,50,16,802130365
1539,1,50,17,892490580
1540,1,50,18,792703813
1541,1,50,19,801122179
1542,1,50,2,805637423
1543,1,50,20,798822049
1544,1,50,21,816070334
1545,1,50,22,800693659
1546,1,50,23,797521387
1547,1,50,24,789188322
1548,1,50,25,800428767
1549,1,50,26,2189383412
1550,1,50,27,819955373
1551,1,50,28,817364611
1552,1,50,29,820345310
1553,1,50,3,797958725
1554,1,50,4,815189525
1555,1,50,5,799707929
1556,1,50,6,794455007
1557,1,50,7,807320716
1558,1,50,8,811067620
1559,1,50,9,793793445
1560,1,55,0,803113128
1561,1,55,1,807955283
1562,1,55,10,808536608
1563,1,55,11,804028065
1564,1,55,12,815583018
1565,1,55,13,808976247
1566,1,55,14,808712963
1567,1,55,15,816341616
1568,1,55,16,805607356
1569,1,55,17,810312765
1570,1,55,18,815353762
1571,1,55,19,809899003
1572,1,55,2,844479718
1573,1,55,20,810764943
1574,1,55,21,833088298
1575,1,55,22,825296776
1576,1,55,23,809410308
1577,1,55,24,801586576
1578,1,55,25,905190003
1579,1,55,26,1765053400
1580,1,55,27,816621591
1581,1,55,28,802436078
1582,1,55,29,805040883
1583,1,55,3,808951586
1584,1,55,4,807460956
1585,1,55,5,789676566
1586,1,55,6,804331991
1587,1,55,7,802705415
1588,1,55,8,812994106
1589,1,55,9,791868150
1590,1,5,0,753565338
1591,1,5,1,760837995
1592,1,5,10,736953950
1593,1,5,11,841226724
1594,1,5,12,778481120
1595,1,5,13,774873275
1596,1,5,14,759751971
1597,1,5,15,751572065
1598,1,5,16,764804280
1599,1,5,17,763800238
1600,1,5,18,759599992
1601,1,5,19,742992936
1602,1,5,2,741876392
1603,1,5,20,745423926
1604,1,5,21,751109108
1605,1,5,22,748989527
1606,1,5,23,749658989
1607,1,5,24,770937539
1608,1,5,25,750657214
1609,1,5,26,757801879
1610,1,5,27,777299635
1611,1,5,28,741343869
1612,1,5,29,741553841
1613,1,5,3,767918069
1614,1,5,4,758888913
1615,1,5,5,754775500
1616,1,5,6,741134564
1617,1,5,7,751593133
1618,1,5,8,759845103
1619,1,5,9,828785222
1620,1,60,0,811108878
1621,1,60,1,809990734
1622,1,60,10,798412342
1623,1,60,11,804041079
1624,1,60,12,814036102
1625,1,60,13,829783175
1626,1,60,14,849546838
1627,1,60,15,822290624
1628,1,60,16,819958346
1629,1,60,17,809985873
1630,1,60,18,801264192
1631,1,60,19,810878276
1632,1,60,2,806774742
1633,1,60,20,807188936
1634,1,60,21,799199625
1635,1,60,22,818558891
1636,1,60,23,804963091
1637,1,60,24,821111145
1638,1,60,25,819312986
1639,1,60,26,964154145
1640,1,60,27,803241218
1641,1,60,28,794002487
1642,1,60,29,818738851
1643,1,60,3,808079624
1644,1,60,4,817506223
1645,1,60,5,812757451
1646,1,60,6,805339627
1647,1,60,7,803511032
1648,1,60,8,815410972
1649,1,60,9,825885402
1650,1,65,0,828476385
1651,1,65,1,821141071
1652,1,65,10,807910435
1653,1,65,11,799453129
1654,1,65,12,820633936
1655,1,65,13,825272409
1656,1,65,14,813039675
1657,1,65,15,803492577
1658,1,65,16,822733381
1659,1,65,17,806955649
1660,1,65,18,831471530
1661,1,65,19,817408063
1662,1,65,2,798901791
1663,1,65,20,806088686
1664,1,65,21,809466968
1665,1,65,22,825820306
1666,1,65,23,821021870
1667,1,65,24,831683650
1668,1,65,25,819079448
1669,1,65,26,839123006
1670,1,65,27,816286695
1671,1,65,28,816396127
1672,1,65,29,812976552
1673,1,65,3,825384094
1674,1,65,4,821748987
1675,1,65,5,804953790
1676,1,65,6,818672040
1677,1,65,7,811072440
1678,1,65,8,811595968
1679,1,65,9,800526000
1680,1,70,0,836414809
1681,1,70,1,812649682
1682,1,70,10,820686857
1683,1,70,11,826131520
1684,1,70,12,809321695
1685,1,70,13,833308265
1686,1,70,14,810889247
1687,1,70,15,821297214
1688,1,70,16,811216568
1689,1,70,17,819488645
1690,1,70,18,817497316
1691,1,70,19,910532402
1692,1,70,2,813982348
1693,1,70,20,828598203
1694,1,70,21,816617448
1695,1,70,22,833739966
1696,1,70,23,833804444
1697,1,70,24,827629279
1698,1,70,25,835463275
1699,1,70,26,826726013
1700,1,70,27,823226799
1701,1,70,28,810661129
1702,1,70,29,818642781
1703,1,70,3,824707016
1704,1,70,4,825206070
1705,1,70,5,812606048
1706,1,70,6,812112539
1707,1,70,7,831217137
1708,1,70,8,817630938
1709,1,70,9,813590381
1710,1,75,0,826401622
1711,1,75,1,824082158
1712,1,75,10,821461568
1713,1,75,11,817576753
1714,1,75,12,818848764
1715,1,75,13,827371219
1716,1,75,14,841852772
1717,1,75,15,829949534
1718,1,75,16,833794842
1719,1,75,17,819864088
1720,1,75,18,821412376
1721,1,75,19,838180838
1722,1,75,2,832928881
1723,1,75,20,822089396
1724,1,75,21,848352038
1725,1,75,22,826328960
1726,1,75,23,849514409
1727,1,75,24,819342623
1728,1,75,25,826517926
1729,1,75,26,830660250
1730,1,75,27,811408400
1731,1,75,28,832148612
1732,1,75,29,834325727
1733,1,75,3,820198353
1734,1,75,4,819162494
1735,1,75,5,820031600
1736,1,75,6,839258696
1737,1,75,7,832586463
1738,1,75,8,822421127
1739,1,75,9,824677481
1740,1,80,0,850275391
1741,1,80,1,825119710
1742,1,80,10,837921287
1743,1,80,11,830560032
1744,1,80,12,818867087
1745,1,80,13,822690415
1746,1,80,14,831410802
1747,1,80,15,827386124
1748,1,80,16,834994489
1749,1,80,17,832309921
1750,1,80,18,824270768
1751,1,80,19,832192546
1752,1,80,2,825187186
1753,1,80,20,831992549
1754,1,80,21,836640469
1755,1,80,22,831001178
1756,1,80,23,835661852
1757,1,80,24,828635683
1758,1,80,25,817456328
1759,1,80,26,833844942
1760,1,80,27,835421282
1761,1,80,28,833886475
1762,1,80,29,826100244
1763,1,80,3,820351682
1764,1,80,4,816055657
1765,1,80,5,823155259
1766,1,80,6,825183361
1767,1,80,7,827287821
1768,1,80,8,822925902
1769,1,80,9,831420716
1770,1,85,0,853002407
1771,1,85,1,828620044
1772,1,85,10,830167508
1773,1,85,11,839986782
1774,1,85,12,829940971
1775,1,85,13,840622500
1776,1,85,14,839555862
1777,1,85,15,833295037
1778,1,85,16,828701866
1779,1,85,17,830990591
1780,1,85,18,839494090
1781,1,85,19,878669080
1782,1,85,2,831400850
1783,1,85,20,842002141
1784,1,85,21,845198764
1785,1,85,22,837494275
1786,1,85,23,845725635
1787,1,85,24,844858619
1788,1,85,25,836814656
1789,1,85,26,835643711
1790,1,85,27,826801913
1791,1,85,28,839887292
1792,1,85,29,829911802
1793,1,85,3,833343817
1794,1,85,4,1223935008
1795,1,85,5,856949552
1796,1,85,6,842637513
1797,1,85,7,834091510
1798,1,85,8,845631425
1799,1,85,9,846630524
1800,1,90,0,848925063
1801,1,90,1,849006183
1802,1,90,10,841212729
1803,1,90,11,845383947
1804,1,90,12,833644405
1805,1,90,13,861994576
1806,1,90,14,844152157
1807,1,90,15,842747726
1808,1,90,16,848909893
1809,1,90,17,840951261
1810,1,90,18,852273969
1811,1,90,19,853989058
1812,1,90,2,837335892
1813,1,90,20,838385078
1814,1,90,21,853383830
1815,1,90,22,849825815
1816,1,90,23,826450624
1817,1,90,24,837352745
1818,1,90,25,826186314
1819,1,90,26,857037409
1820,1,90,27,835272673
1821,1,90,28,834248183
1822,1,90,29,858741072
1823,1,90,3,864234414
1824,1,90,4,1374269231
1825,1,90,5,837191018
1826,1,90,6,841542583
1827,1,90,7,846990301
1828,1,90,8,831741719
1829,1,90,9,858716794
1830,1,95,0,853846747
1831,1,95,1,849169740
1832,1,95,10,859368953
1833,1,95,11,851622368
1834,1,95,12,847449063
1835,1,95,13,860048431
1836,1,95,14,850028739
1837,1,95,15,843198481
1838,1,95,16,903547944
1839,1,95,17,935757670
1840,1,95,18,855992632
1841,1,95,19,867768469
1842,1,95,2,850270159
1843,1,95,20,850702431
1844,1,95,21,849119675
1845,1,95,22,833688619
1846,1,95,23,847629270
1847,1,95,24,840134824
1848,1,95,25,876937582
1849,1,95,26,856782672
1850,1,95,27,844047243
1851,1,95,28,842368117
1852,1,95,29,843078845
1853,1,95,3,841833302
1854,1,95,4,927174908
1855,1,95,5,850775693
1856,1,95,6,855875980
1857,1,95,7,860563946
1858,1,95,8,857269565
1859,1,95,9,848900093
1860,50,0,0,9849753147
1861,50,0,1,9874302789
1862,50,0,10,9813214860
1863,50,0,11,9769894475
1864,50,0,12,9759155949
1865,50,0,13,9775104665
1866,50,0,14,9798854402
1867,50,0,15,9798882992
1868,50,0,16,9863153860
1869,50,0,17,9842356392
1870,50,0,18,9763702803
1871,50,0,19,9706743049
1872,50,0,2,9849640900
1873,50,0,20,9759794868
1874,50,0,21,9833497418
1875,50,0,22,9790879813
1876,50,0,23,9815059682
1877,50,0,24,9738937338
1878,50,0,25,9934563251
1879,50,0,26,9714335331
1880,50,0,27,9701095999
1881,50,0,28,9778150339
1882,50,0,29,9795657911
1883,50,0,3,9811364275
1884,50,0,4,9739767628
1885,50,0,5,9750988763
1886,50,0,6,9821690278
1887,50,0,7,9823501198
1888,50,0,8,9834834694
1889,50,0,9,9885670649
1890,50,100,0,11880616043
1891,50,100,1,11873860507
1892,50,100,10,11876932884
1893,50,100,11,11875818197
1894,50,100,12,11869759779
1895,50,100,13,11875545612
1896,50,100,14,11894405153
1897,50,100,15,11881324679
1898,50,100,16,11887366242
1899,50,100,17,11878986248
1900,50,100,18,11877354900
1901,50,100,19,11873390542
1902,50,100,2,11871599835
1903,50,100,20,11871587769
1904,50,100,21,11887322323
1905,50,100,22,11901165338
1906,50,100,23,11870987141
1907,50,100,24,11880286760
1908,50,100,25,11874361020
1909,50,100,26,11889838181
1910,50,100,27,11874480393
1911,50,100,28,11876524495
1912,50,100,29,11876350898
1913,50,100,3,11882107851
1914,50,100,4,11873490619
1915,50,100,5,11876237634
1916,50,100,6,11874833208
1917,50,100,7,11890679387
1918,50,100,8,11875124779
1919,50,100,9,11963998920
1920,50,105,0,12072230342
1921,50,105,1,12093860643
1922,50,105,10,12098343314
1923,50,105,11,12077683643
1924,50,105,12,12076917561
1925,50,105,13,12072354527
1926,50,105,14,12074472015
1927,50,105,15,12091866151
1928,50,105,16,12074309820
1929,50,105,17,12080747028
1930,50,105,18,12067136476
1931,50,105,19,12098090145
1932,50,105,2,12087394372
1933,50,105,20,12156278640
1934,50,105,21,12078266576
1935,50,105,22,12080434218
1936,50,105,23,12078805971
1937,50,105,24,12085400217
1938,50,105,25,12067501336
1939,50,105,26,12079121885
1940,50,105,27,12088629512
1941,50,105,28,12069352791
1942,50,105,29,12072250509
1943,50,105,3,12094067735
1944,50,105,4,12079499206
1945,50,105,5,12070117131
1946,50,105,6,12081347808
1947,50,105,7,12072103693
1948,50,105,8,12069125185
1949,50,105,9,12077302261
1950,50,10,0,9879003949
1951,50,10,1,9826387909
1952,50,10,10,9821143987
1953,50,10,11,9803212228
1954,50,10,12,9835865413
1955,50,10,13,9763571526
1956,50,10,14,9741045057
1957,50,10,15,9838270265
1958,50,10,16,9709652756
1959,50,10,17,9743105081
1960,50,10,18,9858079085
1961,50,10,19,9856548701
1962,50,10,2,9834353274
1963,50,10,20,9709105779
1964,50,10,21,9805114149
1965,50,10,22,9918750320
1966,50,10,23,9769495441
1967,50,10,24,9780665606
1968,50,10,25,9828543839
1969,50,10,26,9800334909
1970,50,10,27,9765793750
1971,50,10,28,9720628161
1972,50,10,29,9708632916
1973,50,10,3,9808325254
1974,50,10,4,9894314817
1975,50,10,5,9852994532
1976,50,10,6,9914117418
1977,50,10,7,9771683064
1978,50,10,8,9949401870
1979,50,10,9,9781773343
1980,50,110,0,12269102679
1981,50,110,1,12277464526
1982,50,110,10,12272991506
1983,50,110,11,12291606405
1984,50,110,12,13140743638
1985,50,110,13,12275742883
1986,50,110,14,12299312387
1987,50,110,15,12302922495
1988,50,110,16,12290755376
1989,50,110,17,12273907859
1990,50,110,18,12278946796
1991,50,110,19,12269783390
1992,50,110,2,12288670173
1993,50,110,20,12277626202
1994,50,110,21,12284301552
1995,50,110,22,12282151208
1996,50,110,23,12281297720
1997,50,110,24,12281450638
1998,50,110,25,12278329315
1999,50,110,26,12279934815
2000,50,110,27,12279628068
2001,50,110,28,12266955266
2002,50,110,29,12277565934
2003,50,110,3,12278548898
2004,50,110,4,12278672927
2005,50,110,5,12289882214
2006,50,110,6,12271976835
2007,50,110,7,12281355302
2008,50,110,8,12270876182
2009,50,110,9,12273307614
2010,50,115,0,12473386522
2011,50,115,1,12479591847
2012,50,115,10,12477251001
2013,50,115,11,12480766998
2014,50,115,12,12472498468
2015,50,115,13,12488364838
2016,50,115,14,12466147495
2017,50,115,15,12484837946
2018,50,115,16,12491155259
2019,50,115,17,12469506424
2020,50,115,18,12494319745
2021,50,115,19,12477014637
2022,50,115,2,12478974141
2023,50,115,20,12479366397
2024,50,115,21,12497133214
2025,50,115,22,12482580819
2026,50,115,23,12473836586
2027,50,115,24,12476426371
2028,50,115,25,12472533651
2029,50,115,26,12469494055
2030,50,115,27,12475310553
2031,50,115,28,12489639667
2032,50,115,29,12469341958
2033,50,115,3,12488837017
2034,50,115,4,12472365243
2035,50,115,5,12482072819
2036,50,115,6,12479894765
2037,50,115,7,12481921589
2038,50,115,8,12487900377
2039,50,115,9,12479002321
2040,50,120,0,12883025145
2041,50,120,1,12883707240
2042,50,120,10,12877608875
2043,50,120,11,12894660467
2044,50,120,12,12883311733
2045,50,120,13,12880683607
2046,50,120,14,12880117691
2047,50,120,15,12869899147
2048,50,120,16,12871896219
2049,50,120,17,12866300668
2050,50,120,18,12881734474
2051,50,120,19,12885717732
2052,50,120,2,12880628965
2053,50,120,20,12876961470
2054,50,120,21,12886335321
2055,50,120,22,12869545954
2056,50,120,23,12871284767
2057,50,120,24,12869855999
2058,50,120,25,12886356663
2059,50,120,26,12885617720
2060,50,120,27,12891409636
2061,50,120,28,12873758319
2062,50,120,29,12885542945
2063,50,120,3,12891457079
2064,50,120,4,12896688260
2065,50,120,5,12877187702
2066,50,120,6,12875076070
2067,50,120,7,12873849508
2068,50,120,8,12868330549
2069,50,120,9,12870198468
2070,50,125,0,13075987473
2071,50,125,1,13122274907
2072,50,125,10,13077555127
2073,50,125,11,13069713838
2074,50,125,12,13102200911
2075,50,125,13,13072035696
2076,50,125,14,13085553071
2077,50,125,15,13075587973
2078,50,125,16,13087136536
2079,50,125,17,13075531808
2080,50,125,18,13072004471
2081,50,125,19,13079950699
2082,50,125,2,13085825193
2083,50,125,20,13074669629
2084,50,125,21,13073082069
2085,50,125,22,13087021276
2086,50,125,23,13082387059
2087,50,125,24,13083997966
2088,50,125,25,13073556656
2089,50,125,26,13084236373
2090,50,125,27,13085762834
2091,50,125,28,13087693703
2092,50,125,29,13087992443
2093,50,125,3,13071323688
2094,50,125,4,13087414010
2095,50,125,5,13094363018
2096,50,125,6,13099888070
2097,50,125,7,13099021037
2098,50,125,8,13073577851
2099,50,125,9,13078493365
2100,50,130,0,13280267862
2101,50,130,1,13298482529
2102,50,130,10,13270684676
2103,50,130,11,13280976982
2104,50,130,12,13284917118
2105,50,130,13,13273186251
2106,50,130,14,13272777372
2107,50,130,15,13277590226
2108,50,130,16,13277193836
2109,50,130,17,13286986889
2110,50,130,18,13269577672
2111,50,130,19,13270402487
2112,50,130,2,13279482121
2113,50,130,20,13291120027
2114,50,130,21,13280670978
2115,50,130,22,13268518284
2116,50,130,23,13289663732
2117,50,130,24,13283253681
2118,50,130,25,13290456336
2119,50,130,26,13317118827
2120,50,130,27,13276410574
2121,50,130,28,13290601292
2122,50,130,29,13267483991
2123,50,130,3,13280386790
2124,50,130,4,13291442604
2125,50,130,5,13311973038
2126,50,130,6,13280109924
2127,50,130,7,13268383939
2128,50,130,8,13283359635
2129,50,130,9,13305538720
2130,50,135,0,13477229282
2131,50,135,1,13479616580
2132,50,135,10,13486103809
2133,50,135,11,13466669984
2134,50,135,12,13487179965
2135,50,135,13,13487816606
2136,50,135,14,13491106825
2137,50,135,15,13478798723
2138,50,135,16,13519268328
2139,50,135,17,13479022663
2140,50,135,18,13492774972
2141,50,135,19,13477380217
2142,50,135,2,13487760613
2143,50,135,20,13468348780
2144,50,135,21,13467255556
2145,50,135,22,13489456673
2146,50,135,23,13477463130
2147,50,135,24,13479509801
2148,50,135,25,13491082808
2149,50,135,26,13517921370
2150,50,135,27,13473788405
2151,50,135,28,13481397898
2152,50,135,29,13481971677
2153,50,135,3,13477547750
2154,50,135,4,13497369896
2155,50,135,5,13484107163
2156,50,135,6,13474421858
2157,50,135,7,13500929584
2158,50,135,8,13481692050
2159,50,135,9,13484003781
2160,50,140,0,13868449648
2161,50,140,1,13881198488
2162,50,140,10,13873648522
2163,50,140,11,13872370418
2164,50,140,12,13882476899
2165,50,140,13,13876410238
2166,50,140,14,13880750305
2167,50,140,15,13871983961
2168,50,140,16,13871134985
2169,50,140,17,13883101076
2170,50,140,18,13869007462
2171,50,140,19,13879481939
2172,50,140,2,13886597259
2173,50,140,20,13886186027
2174,50,140,21,13871096353
2175,50,140,22,13879205730
2176,50,140,23,13889338778
2177,50,140,24,13880233973
2178,50,140,25,13869387984
2179,50,140,26,13880179076
2180,50,140,27,13882951654
2181,50,140,28,13876921054
2182,50,140,29,13874817064
2183,50,140,3,13886473071
2184,50,140,4,13879643431
2185,50,140,5,13901380525
2186,50,140,6,13900876469
2187,50,140,7,13890482213
2188,50,140,8,13875956914
2189,50,140,9,13915201326
2190,50,145,0,14079492908
2191,50,145,1,14081041717
2192,50,145,10,14077479053
2193,50,145,11,14084096963
2194,50,145,12,14086876018
2195,50,145,13,14090659398
2196,50,145,14,14074554376
2197,50,145,15,14079102854
2198,50,145,16,14085566980
2199,50,145,17,14080144827
2200,50,145,18,14079678177
2201,50,145,19,14075504628
2202,50,145,2,14080424939
2203,50,145,20,14079565449
2204,50,145,21,14077580559
2205,50,145,22,14071053533
2206,50,145,23,14081484246
2207,50,145,24,14069013899
2208,50,145,25,15089801816
2209,50,145,26,14079966679
2210,50,145,27,14083766360
2211,50,145,28,14087531206
2212,50,145,29,14088527506
2213,50,145,3,14067720590
2214,50,145,4,14097418651
2215,50,145,5,14125679620
2216,50,145,6,14155544460
2217,50,145,7,14084089319
2218,50,145,8,14075784841
2219,50,145,9,14092002193
2220,50,150,0,14272982861
2221,50,150,1,14292297955
2222,50,150,10,14290783094
2223,50,150,11,14266264185
2224,50,150,12,14285760502
2225,50,150,13,14269360369
2226,50,150,14,14271891373
2227,50,150,15,14274609845
2228,50,150,16,14282072642
2229,50,150,17,14340712718
2230,50,150,18,14275096421
2231,50,150,19,14289002294
2232,50,150,2,14279425625
2233,50,150,20,14274593529
2234,50,150,21,14267943954
2235,50,150,22,14287195657
2236,50,150,23,14282880585
2237,50,150,24,14265832928
2238,50,150,25,14287833784
2239,50,150,26,14266888826
2240,50,150,27,14293804063
2241,50,150,28,14282527656
2242,50,150,29,14296082305
2243,50,150,3,14303483396
2244,50,150,4,14272700740
2245,50,150,5,14287033934
2246,50,150,6,14290857420
2247,50,150,7,14270392019
2248,50,150,8,14281447670
2249,50,150,9,14293251283
2250,50,15,0,9814862677
2251,50,15,1,9798236985
2252,50,15,10,9812342948
2253,50,15,11,9723585775
2254,50,15,12,9723724195
2255,50,15,13,9828178894
2256,50,15,14,9874899064
2257,50,15,15,9801469340
2258,50,15,16,9848712990
2259,50,15,17,13187712183
2260,50,15,18,9864963923
2261,50,15,19,9973620186
2262,50,15,2,9860035337
2263,50,15,20,9860558223
2264,50,15,21,9959436218
2265,50,15,22,9802841220
2266,50,15,23,9842675796
2267,50,15,24,9712138693
2268,50,15,25,9728172978
2269,50,15,26,9792345839
2270,50,15,27,9772509069
2271,50,15,28,9822649424
2272,50,15,29,9809659597
2273,50,15,3,9735043592
2274,50,15,4,9921044991
2275,50,15,5,9774127921
2276,50,15,6,9786273934
2277,50,15,7,9849366868
2278,50,15,8,10030224216
2279,50,15,9,9914360793
2280,50,20,0,10069534569
2281,50,20,1,10078410526
2282,50,20,10,10081814217
2283,50,20,11,10077887360
2284,50,20,12,10089251815
2285,50,20,13,10084067776
2286,50,20,14,10074167187
2287,50,20,15,10090646815
2288,50,20,16,10078651540
2289,50,20,17,10072834723
2290,50,20,18,10089523252
2291,50,20,19,10071766057
2292,50,20,2,10107120073
2293,50,20,20,10177006292
2294,50,20,21,10070846555
2295,50,20,22,10070445480
2296,50,20,23,10077022314
2297,50,20,24,10070092329
2298,50,20,25,10069946946
2299,50,20,26,10084333134
2300,50,20,27,10071535777
2301,50,20,28,10070058234
2302,50,20,29,10075619572
2303,50,20,3,10091689395
2304,50,20,4,10078759592
2305,50,20,5,10073089035
2306,50,20,6,10093192209
2307,50,20,7,10078112490
2308,50,20,8,10080300774
2309,50,20,9,10072466783
2310,50,25,0,10279360382
2311,50,25,1,10272018394
2312,50,25,10,10272134696
2313,50,25,11,10277531513
2314,50,25,12,10279783516
2315,50,25,13,10271567927
2316,50,25,14,10388598255
2317,50,25,15,10269959806
2318,50,25,16,10304690477
2319,50,25,17,10269790747
2320,50,25,18,10276791631
2321,50,25,19,10270673229
2322,50,25,2,10270156859
2323,50,25,20,10287224596
2324,50,25,21,10274114058
2325,50,25,22,10282252148
2326,50,25,23,10278657153
2327,50,25,24,10278207970
2328,50,25,25,10282485363
2329,50,25,26,10271092278
2330,50,25,27,10278925238
2331,50,25,28,10274143791
2332,50,25,29,10282655415
2333,50,25,3,10271845313
2334,50,25,4,10268294177
2335,50,25,5,10283835730
2336,50,25,6,10273761730
2337,50,25,7,10276712409
2338,50,25,8,10300894383
2339,50,25,9,10289613368
2340,50,30,0,10479155693
2341,50,30,1,10477672311
2342,50,30,10,10498768022
2343,50,30,11,10469913051
2344,50,30,12,10474403410
2345,50,30,13,10469919885
2346,50,30,14,10479965763
2347,50,30,15,10531450250
2348,50,30,16,10486285840
2349,50,30,17,10481438680
2350,50,30,18,10480701769
2351,50,30,19,10487080589
2352,50,30,2,10493053423
2353,50,30,20,10472103923
2354,50,30,21,10471990522
2355,50,30,22,10477128612
2356,50,30,23,10471416122
2357,50,30,24,10468651577
2358,50,30,25,10516664145
2359,50,30,26,10490326323
2360,50,30,27,10480970554
2361,50,30,28,10467097664
2362,50,30,29,10471683455
2363,50,30,3,10473237710
2364,50,30,4,10478594374
2365,50,30,5,10471288030
2366,50,30,6,10468799742
2367,50,30,7,10479071627
2368,50,30,8,10478472561
2369,50,30,9,10487055998
2370,50,35,0,10674323389
2371,50,35,1,10692258767
2372,50,35,10,10670620849
2373,50,35,11,10684565564
2374,50,35,12,10668480639
2375,50,35,13,10727492434
2376,50,35,14,10713257359
2377,50,35,15,10687616453
2378,50,35,16,10701892898
2379,50,35,17,10677416815
2380,50,35,18,10677502416
2381,50,35,19,10689451778
2382,50,35,2,10679282077
2383,50,35,20,10683942768
2384,50,35,21,10720756567
2385,50,35,22,10678838885
2386,50,35,23,10729427616
2387,50,35,24,10767573662
2388,50,35,25,10675179629
2389,50,35,26,10682776313
2390,50,35,27,10706810198
2391,50,35,28,10685572734
2392,50,35,29,10692864251
2393,50,35,3,10674071754
2394,50,35,4,10679972396
2395,50,35,5,10671764066
2396,50,35,6,10691741297
2397,50,35,7,10669501139
2398,50,35,8,10674519507
2399,50,35,9,10675859575
2400,50,40,0,9781838806
2401,50,40,1,9816939688
2402,50,40,10,9820730284
2403,50,40,11,9731832338
2404,50,40,12,9729972249
2405,50,40,13,9825239874
2406,50,40,14,9890797053
2407,50,40,15,9768526774
2408,50,40,16,9809064743
2409,50,40,17,9804849937
2410,50,40,18,9843091499
2411,50,40,19,9828934984
2412,50,40,2,9809956208
2413,50,40,20,9839421207
2414,50,40,21,9808337605
2415,50,40,22,9805259354
2416,50,40,23,9841839729
2417,50,40,24,9708748389
2418,50,40,25,9754222922
2419,50,40,26,9723749373
2420,50,40,27,9846468899
2421,50,40,28,9793116080
2422,50,40,29,9740046272
2423,50,40,3,9817302778
2424,50,40,4,9852649545
2425,50,40,5,9767879606
2426,50,40,6,9735239202
2427,50,40,7,9905800350
2428,50,40,8,13035479362
2429,50,40,9,9812262270
2430,50,45,0,9817827148
2431,50,45,1,9893922397
2432,50,45,10,9833147731
2433,50,45,11,9839093799
2434,50,45,12,9783327255
2435,50,45,13,9889099644
2436,50,45,14,9804790818
2437,50,45,15,9863868803
2438,50,45,16,9789232609
2439,50,45,17,9771095478
2440,50,45,18,9859119526
2441,50,45,19,9928035361
2442,50,45,2,9802958483
2443,50,45,20,9980836684
2444,50,45,21,9879716417
2445,50,45,22,9770425904
2446,50,45,23,9834331569
2447,50,45,24,9935417132
2448,50,45,25,9843549158
2449,50,45,26,9915400356
2450,50,45,27,9713574913
2451,50,45,28,9836436031
2452,50,45,29,9799404566
2453,50,45,3,9765046351
2454,50,45,4,9890074298
2455,50,45,5,9841361410
2456,50,45,6,9834202039
2457,50,45,7,9778379127
2458,50,45,8,9790948475
2459,50,45,9,9722460637
2460,50,50,0,9833020442
2461,50,50,1,9723906773
2462,50,50,10,9725080877
2463,50,50,11,9829765997
2464,50,50,12,9942331726
2465,50,50,13,9756038331
2466,50,50,14,9824217207
2467,50,50,15,9739510041
2468,50,50,16,9827742263
2469,50,50,17,9862634518
2470,50,50,18,9818396997
2471,50,50,19,9723086787
2472,50,50,2,9948945699
2473,50,50,20,9711138889
2474,50,50,21,9711769197
2475,50,50,22,9861305582
2476,50,50,23,9763636458
2477,50,50,24,9829968905
2478,50,50,25,9752966313
2479,50,50,26,9703839422
2480,50,50,27,9805237282
2481,50,50,28,9707124507
2482,50,50,29,9753913858
2483,50,50,3,9752166904
2484,50,50,4,9788903731
2485,50,50,5,9795849836
2486,50,50,6,9825078183
2487,50,50,7,9832521624
2488,50,50,8,9737888235
2489,50,50,9,9845495659
2490,50,55,0,9904914512
2491,50,55,1,9875925221
2492,50,55,10,9782038013
2493,50,55,11,9856646726
2494,50,55,12,9709267433
2495,50,55,13,9918026774
2496,50,55,14,9743301042
2497,50,55,15,9863320564
2498,50,55,16,9836545243
2499,50,55,17,9828894725
2500,50,55,18,9916191881
2501,50,55,19,9830151867
2502,50,55,2,9732971583
2503,50,55,20,9759616233
2504,50,55,21,9962740721
2505,50,55,22,9767476718
2506,50,55,23,9836215016
2507,50,55,24,9892499919
2508,50,55,25,9803963240
2509,50,55,26,9766612946
2510,50,55,27,9942790212
2511,50,55,28,9828983481
2512,50,55,29,9747592372
2513,50,55,3,9890429544
2514,50,55,4,9883423541
2515,50,55,5,9994048956
2516,50,55,6,9743503628
2517,50,55,7,9810731237
2518,50,55,8,9900457822
2519,50,55,9,9755178565
2520,50,5,0,9814507760
2521,50,5,1,9746958127
2522,50,5,10,9875277888
2523,50,5,11,9741800494
2524,50,5,12,9807384836
2525,50,5,13,9735617810
2526,50,5,14,9748524174
2527,50,5,15,9812733123
2528,50,5,16,9809587845
2529,50,5,17,9793331242
2530,50,5,18,9763761320
2531,50,5,19,9845528592
2532,50,5,2,9935879125
2533,50,5,20,9880535143
2534,50,5,21,9784270273
2535,50,5,22,9923007615
2536,50,5,23,9854508081
2537,50,5,24,9851279115
2538,50,5,25,9766199787
2539,50,5,26,9763849501
2540,50,5,27,9744014758
2541,50,5,28,9866459752
2542,50,5,29,9825576930
2543,50,5,3,9898044162
2544,50,5,4,9771412865
2545,50,5,5,9896909872
2546,50,5,6,9746655268
2547,50,5,7,9782797751
2548,50,5,8,9964886336
2549,50,5,9,9914766856
2550,50,60,0,9877649498
2551,50,60,1,9896932005
2552,50,60,10,9882214964
2553,50,60,11,9888631029
2554,50,60,12,9877337858
2555,50,60,13,9874258509
2556,50,60,14,9874411844
2557,50,60,15,9886549456
2558,50,60,16,9899400617
2559,50,60,17,9872673383
2560,50,60,18,9886215624
2561,50,60,19,9908030800
2562,50,60,2,9880500871
2563,50,60,20,9891800656
2564,50,60,21,10018264129
2565,50,60,22,9875618735
2566,50,60,23,9870924870
2567,50,60,24,9872409444
2568,50,60,25,9887501931
2569,50,60,26,9897100396
2570,50,60,27,9883774174
2571,50,60,28,9872553685
2572,50,60,29,9887858866
2573,50,60,3,9875467023
2574,50,60,4,9899961856
2575,50,60,5,9885030447
2576,50,60,6,9865083541
2577,50,60,7,9882903261
2578,50,60,8,9881018402
2579,50,60,9,9872922217
2580,50,65,0,10073399664
2581,50,65,1,10077361414
2582,50,65,10,10072661320
2583,50,65,11,10079753326
2584,50,65,12,10071817902
2585,50,65,13,10070122989
2586,50,65,14,10074440111
2587,50,65,15,10089315019
2588,50,65,16,10067599401
2589,50,65,17,10074318898
2590,50,65,18,10069831032
2591,50,65,19,10082302556
2592,50,65,2,10071807654
2593,50,65,20,10074212292
2594,50,65,21,10084666394
2595,50,65,22,10072501273
2596,50,65,23,10070875799
2597,50,65,24,10080467167
2598,50,65,25,10081823611
2599,50,65,26,10074567814
2600,50,65,27,10078989622
2601,50,65,28,10073319086
2602,50,65,29,10075880181
2603,50,65,3,10069071994
2604,50,65,4,10072293883
2605,50,65,5,10076259078
2606,50,65,6,10086812835
2607,50,65,7,10065873385
2608,50,65,8,10074804667
2609,50,65,9,10067496402
2610,50,70,0,10281347451
2611,50,70,1,10269706579
2612,50,70,10,10272189679
2613,50,70,11,10272288219
2614,50,70,12,10289380690
2615,50,70,13,10289357166
2616,50,70,14,10271133924
2617,50,70,15,10301886521
2618,50,70,16,10275649308
2619,50,70,17,10283193509
2620,50,70,18,10278449816
2621,50,70,19,10270697026
2622,50,70,2,10281654824
2623,50,70,20,10269257944
2624,50,70,21,10279365578
2625,50,70,22,10272087282
2626,50,70,23,10268997738
2627,50,70,24,10311081911
2628,50,70,25,10270072693
2629,50,70,26,10286549442
2630,50,70,27,10268060475
2631,50,70,28,10267585341
2632,50,70,29,10282582441
2633,50,70,3,10283563939
2634,50,70,4,10289212498
2635,50,70,5,10282178314
2636,50,70,6,10281250792
2637,50,70,7,10277461833
2638,50,70,8,10269664503
2639,50,70,9,10272658624
2640,50,75,0,10470250058
2641,50,75,1,10477135644
2642,50,75,10,10467299459
2643,50,75,11,10479071699
2644,50,75,12,10472138035
2645,50,75,13,10468810599
2646,50,75,14,10471774979
2647,50,75,15,10475485044
2648,50,75,16,10488589349
2649,50,75,17,10481598798
2650,50,75,18,10471453353
2651,50,75,19,10472576422
2652,50,75,2,10475136266
2653,50,75,20,10483410410
2654,50,75,21,10481965747
2655,50,75,22,10469806335
2656,50,75,23,10473385946
2657,50,75,24,10466318124
2658,50,75,25,10471812324
2659,50,75,26,10483199254
2660,50,75,27,10487122081
2661,50,75,28,10476498064
2662,50,75,29,10475995152
2663,50,75,3,10469169558
2664,50,75,4,10473068963
2665,50,75,5,10479143454
2666,50,75,6,10472971373
2667,50,75,7,10479697240
2668,50,75,8,10479955983
2669,50,75,9,10472330471
2670,50,80,0,10891442294
2671,50,80,1,10876005570
2672,50,80,10,10882242008
2673,50,80,11,10875221048
2674,50,80,12,10867554217
2675,50,80,13,10888289412
2676,50,80,14,10882124287
2677,50,80,15,10872103643
2678,50,80,16,10880627231
2679,50,80,17,10894620909
2680,50,80,18,10868790863
2681,50,80,19,10874887681
2682,50,80,2,10871442563
2683,50,80,20,10889961062
2684,50,80,21,10878720560
2685,50,80,22,10871216188
2686,50,80,23,10894796470
2687,50,80,24,10879926023
2688,50,80,25,10881789127
2689,50,80,26,10885059719
2690,50,80,27,10892149752
2691,50,80,28,10880354031
2692,50,80,29,10867067846
2693,50,80,3,10867480555
2694,50,80,4,10898109045
2695,50,80,5,10894345156
2696,50,80,6,10878232518
2697,50,80,7,10875510589
2698,50,80,8,10872074487
2699,50,80,9,10866463653
2700,50,85,0,11081445388
2701,50,85,1,11068734672
2702,50,85,10,11075456303
2703,50,85,11,11083732836
2704,50,85,12,11099576469
2705,50,85,13,11086001732
2706,50,85,14,11086298636
2707,50,85,15,11101922577
2708,50,85,16,11077104540
2709,50,85,17,11068946814
2710,50,85,18,11076885222
2711,50,85,19,11070840231
2712,50,85,2,11085794486
2713,50,85,20,11075360903
2714,50,85,21,12442334630
2715,50,85,22,11077941792
2716,50,85,23,11085232923
2717,50,85,24,11093026370
2718,50,85,25,11081777169
2719,50,85,26,11087663032
2720,50,85,27,11073877822
2721,50,85,28,11081204373
2722,50,85,29,11083373596
2723,50,85,3,11083090942
2724,50,85,4,11077916590
2725,50,85,5,11125022887
2726,50,85,6,11075827648
2727,50,85,7,11080064086
2728,50,85,8,11076692366
2729,50,85,9,11076042614
2730,50,90,0,11275527531
2731,50,90,1,11289514479
2732,50,90,10,11303575427
2733,50,90,11,11285391393
2734,50,90,12,11288773954
2735,50,90,13,11273297028
2736,50,90,14,11273587540
2737,50,90,15,11288268504
2738,50,90,16,11287599455
2739,50,90,17,11283443681
2740,50,90,18,11272055506
2741,50,90,19,11285922839
2742,50,90,2,11274469813
2743,50,90,20,11277228768
2744,50,90,21,11271556817
2745,50,90,22,11281871699
2746,50,90,23,11301357669
2747,50,90,24,11280023168
2748,50,90,25,11282525774
2749,50,90,26,11284175187
2750,50,90,27,11281706846
2751,50,90,28,11273144494
2752,50,90,29,11291767786
2753,50,90,3,11294852840
2754,50,90,4,11275735442
2755,50,90,5,11274133876
2756,50,90,6,11273251216
2757,50,90,7,11277069530
2758,50,90,8,11284141220
2759,50,90,9,11311710784
2760,50,95,0,11479318204
2761,50,95,1,11481584044
2762,50,95,10,11465380210
2763,50,95,11,11477924958
2764,50,95,12,11477393614
2765,50,95,13,11492799494
2766,50,95,14,11472247457
2767,50,95,15,11477445316
2768,50,95,16,11478251907
2769,50,95,17,11487173539
2770,50,95,18,11470739470
2771,50,95,19,11473563676
2772,50,95,2,11487791356
2773,50,95,20,11475315724
2774,50,95,21,11468995035
2775,50,95,22,11476137248
2776,50,95,23,11488395852
2777,50,95,24,11494771351
2778,50,95,25,11486526930
2779,50,95,26,11476376373
2780,50,95,27,11485773176
2781,50,95,28,11483440741
2782,50,95,29,11477153861
2783,50,95,3,11474252190
2784,50,95,4,11484676226
2785,50,95,5,11481683054
2786,50,95,6,11476739379
2787,50,95,7,11473633457
2788,50,95,8,11479388271
2789,50,95,9,11479471362
